keywords,0
short film,1892
woman director,1555
based on novel or book,511
murder,451
musical,327
concert,315
silent film,311
biography,302
sports,288
stand-up comedy,283
lgbt,271
christmas,227
world war ii,211
revenge,199
family,197
love,188
anime,164
philippines,164
based on true story,156
martial arts,150
friendship,148
romance,148
coming of age,146
softcore,143
black and white,141
kidnapping,131
wrestling,128
opera,127
new york city,127
ghost,123
based on play or musical,117
sequel,117
police,116
politics,112
serial killer,111
horror,110
pre-code,104
found footage,104
prison,100
holiday,99
erotic movie,98
drugs,97
vampire,97
zombie,96
rape,93
parent child relationship,93
death,91
gay interest,90
dance,88
remake,88
high school,88
art,88
dark comedy,87
monster,86
slasher,85
gay,85
religion,85
stop motion,84
dog,83
gore,83
time travel,82
supernatural,82
lost film,80
marriage,80
alien,80
football (soccer),79
gangster,79
detective,79
superhero,78
nazi,77
africa,76
suicide,76
japan,75
rock 'n' roll,75
nature,74
mockumentary,74
racism,72
cartoon,71
fairy tale,70
road trip,70
satire,70
pregnancy,70
spy,69
small town,69
mystery,69
infidelity,68
investigation,68
thriller,68
noir,68
"los angeles, california",67
avant-garde,66
school,66
robbery,65
dutch cabaret,65
"london, england",65
1970s,65
sibling relationship,65
surrealism,64
anthology,64
france,64
